from,to,status
/2016/03/vmware-to-virtualbox-migration.html,/2016/03/vmware-to-virtualbox-migration.html,200
/2024/04/diving-deeper-into-tensors-unraveling.html,/2024/04/diving-deeper-into-tensors-unraveling.html,200
/2012/12/graphical-representation-and-statistics.html,/2012/12/graphical-representation-and-statistics.html,200
/2012/03/social-icons-for-your-website.html,/2012/03/social-icons-for-your-website.html,200
/2012/05/samsung-galaxy-s3-reviews-and-technical.html,/2012/05/samsung-galaxy-s3-reviews-and-technical.html,200
/2022/01/vs-code-portable-git-shell-integration.html,/2022/01/vs-code-portable-git-shell-integration.html,200
/2012/08/unlock-zte-crescent-orange.html,/2012/08/unlock-zte-crescent-orange.html,200
/2012/09/create-your-own-passport-photo-using.html,/2012/09/create-your-own-passport-photo-using.html,200
/2012/10/raspberry-pi-based-college-and.html,/2012/10/raspberry-pi-based-college-and.html,200
/2012/05/print-next-line-after-pattern.html,/2012/05/print-next-line-after-pattern.html,200
/2024/04/exploring-quantization-streamlining.html,/2024/04/exploring-quantization-streamlining.html,200
/2013/11/arithmeticmath-calculations-using-shell.html,/2013/11/arithmeticmath-calculations-using-shell.html,200
/2015/04/devops-search-and-replace-files-with.html,/2015/04/devops-search-and-replace-files-with.html,200
/2024/04/unveiling-power-of-transformers-game.html,/2024/04/unveiling-power-of-transformers-game.html,200
/2017/02/batch-epoch-time-converter-in-java-and-w.html,/2017/02/batch-epoch-time-converter-in-java-and-w.html,200
/2012/06/ios6-features-in-nutshell.html,/2012/06/ios6-features-in-nutshell.html,200
/2013/05/windows-defender-errors-and-solution.html,/2013/05/windows-defender-errors-and-solution.html,200
/2017/03/world-of-crypto-currencies-and-should-i.html,/2017/03/world-of-crypto-currencies-and-should-i.html,200
/2015/11/chromecast-vs-appletv-vs-raspberry-pi.html,/2015/11/chromecast-vs-appletv-vs-raspberry-pi.html,200
/2012/03/google-fonts-for-download.html,/2012/03/google-fonts-for-download.html,200
/2025/08/scaling-great-workflow-system-n8n-on.html,/2025/08/scaling-great-workflow-system-n8n-on.html,200
/2024/04/delving-deeper-into-pre-training-and.html,/2024/04/delving-deeper-into-pre-training-and.html,200
/2018/02/listing-installed-modules-in-perl.html,/2018/02/listing-installed-modules-in-perl.html,200
/2012/03/coupons-vouchers-deals-cashback-how-big.html,/2012/03/coupons-vouchers-deals-cashback-how-big.html,200
/2016/12/de-monetization-and-impact-on-general.html,/2016/12/de-monetization-and-impact-on-general.html,200
/2021/12/setup-private-wifi-out-of-public-wifi.html,/2021/12/setup-private-wifi-out-of-public-wifi.html,200
/2014/12/crud-form-using-datatables-with-dynamic.html,/2014/12/crud-form-using-datatables-with-dynamic.html,200
/2017/02/clone-multiple-vms-and-create-multiple.html,/2017/02/clone-multiple-vms-and-create-multiple.html,200
/2012/09/step-by-step-peo-appointment-booking.html,/2012/09/step-by-step-peo-appointment-booking.html,200
/2014/05/imdb-api-and-url-based-search-parameters.html,/2014/05/imdb-api-and-url-based-search-parameters.html,200
/2015/06/big-data-jobs-tools-and-how-to-ace-it.html,/2015/06/big-data-jobs-tools-and-how-to-ace-it.html,200
/2022/01/kubernetes-n8n-setup-n8n-using-k8s-part.html,/2022/01/kubernetes-n8n-setup-n8n-using-k8s-part.html,200
/2025/07/gfc-key-dates-in-table.html,/2025/07/gfc-key-dates-in-table.html,200
/2013/07/google-chromecast-vs-raspberry-pi-vs.html,/2013/07/google-chromecast-vs-raspberry-pi-vs.html,200
/2012/10/planning-to-buy-house-one-stop-shop.html,/2012/10/planning-to-buy-house-one-stop-shop.html,200
/2022/01/setting-up-kubernetes-cluster-in-your.html,/2022/01/setting-up-kubernetes-cluster-in-your.html,200
/2012/03/db2top-utility.html,/2012/03/db2top-utility.html,200
/2014/11/web-development-test-bed.html,/2014/11/web-development-test-bed.html,200
/2020/07/syslog-standards-simple-comparison.html,/2020/07/syslog-standards-simple-comparison.html,200
/2013/07/vmware-ubuntu-git-installation.html,/2013/07/vmware-ubuntu-git-installation.html,200
/2013/02/ssh-equivalent-of-telnet.html,/2013/02/ssh-equivalent-of-telnet.html,200
/2014/03/chromecast-vs-miracast-and-miracast.html,/2014/03/chromecast-vs-miracast-and-miracast.html,200
/2012/04/perl-convert-epoch-to-human-timestamp.html,/2012/04/perl-convert-epoch-to-human-timestamp.html,200
/2020/07/elastic-beats-on-pfsense-installation.html,/2020/07/elastic-beats-on-pfsense-installation.html,200
/2012/08/ldap-and-java.html,/2012/08/ldap-and-java.html,200
/2025/03/australia-property-sale-leveraging-15.html,/2025/03/australia-property-sale-leveraging-15.html,200
/2013/07/firefox-remove-slow-and-wave-effect.html,/2013/07/firefox-remove-slow-and-wave-effect.html,200
/2012/09/microsoft-msc-command-list.html,/2012/09/microsoft-msc-command-list.html,200
/2012/03/housing-and-financial-bubble.html,/2012/03/housing-and-financial-bubble.html,200
/2012/12/uk-house-price-index-and-graphs.html,/2012/12/uk-house-price-index-and-graphs.html,200
/2022/01/google-domains-setting-up-customised.html,/2022/01/google-domains-setting-up-customised.html,200
/2012/11/internet-explorer-security-zone-and.html,/2012/11/internet-explorer-security-zone-and.html,200
/2012/08/android-bios-aka-recovery-console.html,/2012/08/android-bios-aka-recovery-console.html,200
/2022/01/deploying-awx-into-kubernetes.html,/2022/01/deploying-awx-into-kubernetes.html,200
/2012/03/date-validation-in-shell-script.html,/2012/03/date-validation-in-shell-script.html,200
/2012/10/siteminder-custom-agent-installation.html,/2012/10/siteminder-custom-agent-installation.html,200
/2012/05/yahoo-api-and-developer-network.html,/2012/05/yahoo-api-and-developer-network.html,200
/2012/03/e-paper-epad-or-epad3.html,/2012/03/e-paper-epad-or-epad3.html,200
/2014/03/certification-authority-and-applying.html,/2014/03/certification-authority-and-applying.html,200
/2012/05/proxy-server-and-its-uses.html,/2012/05/proxy-server-and-its-uses.html,200
/2012/03/data-visualisation-and-html-playground.html,/2012/03/data-visualisation-and-html-playground.html,200
/2012/03/aix-and-unix-filesystem-commands.html,/2012/03/aix-and-unix-filesystem-commands.html,200
/2012/07/how-to-revert-back-to-google-docs-from.html,/2012/07/how-to-revert-back-to-google-docs-from.html,200
/2013/06/keepass-password-safe-bulk-actions.html,/2013/06/keepass-password-safe-bulk-actions.html,200
/2012/03/db2-one-liners.html,/2012/03/db2-one-liners.html,200
/2021/12/kubernetes-n8n-setup-n8n-using-k8s-part.html,/2021/12/kubernetes-n8n-setup-n8n-using-k8s-part.html,200
/2012/12/keystore-errors-and-possible-causes.html,/2012/12/keystore-errors-and-possible-causes.html,200
/2012/03/google-search-options-url-parameters.html,/2012/03/google-search-options-url-parameters.html,200
/2012/07/stacktraces-from-leading-websites.html,/2012/07/stacktraces-from-leading-websites.html,200
/2024/04/navigating-diverse-landscape-of-deep.html,/2024/04/navigating-diverse-landscape-of-deep.html,200
/2025/08/ansible-as-hybrid-cicd-platform.html,/2025/08/ansible-as-hybrid-cicd-platform.html,200
/2012/03/complex-examples-of-awk.html,/2012/03/complex-examples-of-awk.html,200
/2013/07/putty-tunnels-and-accessing-remote-ip.html,/2013/07/putty-tunnels-and-accessing-remote-ip.html,200
/2012/03/substitute-data-with-variable-using-and.html,/2012/03/substitute-data-with-variable-using-and.html,200
/2012/08/c-online-coding-run-net-code-online.html,/2012/08/c-online-coding-run-net-code-online.html,200
/2014/03/dawn-of-satellite-communication-sat.html,/2014/03/dawn-of-satellite-communication-sat.html,200
/2022/09/birds-eye-view-of-kubernetes-objects.html,/2022/09/birds-eye-view-of-kubernetes-objects.html,200
/2013/07/putty-session-automation-and-portability.html,/2013/07/putty-session-automation-and-portability.html,200
/2012/08/safe-browsing-from-office-and-home.html,/2012/08/safe-browsing-from-office-and-home.html,200
/2014/03/create-your-own-united-states-passport.html,/2014/03/create-your-own-united-states-passport.html,200
/2012/03/house-prices-in-uk.html,/2012/03/house-prices-in-uk.html,200
/2012/03/apple-tv3-review-of-apple-tv-march-2012.html,/2012/03/apple-tv3-review-of-apple-tv-march-2012.html,200
/2013/08/curl-siteminder-automation-automating.html,/2013/08/curl-siteminder-automation-automating.html,200
/2014/02/nre-vs-nro-vs-fcnr-calculator.html,/2014/02/nre-vs-nro-vs-fcnr-calculator.html,200
/2012/04/handheld-futuristic-weapons-and-society.html,/2012/04/handheld-futuristic-weapons-and-society.html,200
/2012/05/siteminder-installation-into-apache.html,/2012/05/siteminder-installation-into-apache.html,200
/2012/03/epoch-human-time-batch-conversion-script.html,/2012/03/epoch-human-time-batch-conversion-script.html,200
/2012/08/identity-management-and-open-source.html,/2012/08/identity-management-and-open-source.html,200
/2021/12/pfsense-create-multiple-vlan-and.html,/2021/12/pfsense-create-multiple-vlan-and.html,200
/2015/07/openvpn-configuration-for-centos.html,/2015/07/openvpn-configuration-for-centos.html,200
/2015/07/nuc5i5ryh-barebone-pc-as-linux-server.html,/2015/07/nuc5i5ryh-barebone-pc-as-linux-server.html,200
/2024/04/unraveling-mysteries-of-language-models.html,/2024/04/unraveling-mysteries-of-language-models.html,200
/2015/03/usb-type-c-new-standard-of-data.html,/2015/03/usb-type-c-new-standard-of-data.html,200
/2012/03/unix-search-search-for-keyword-in-all.html,/2012/03/unix-search-search-for-keyword-in-all.html,200
/2012/03/playing-with-tar-and-gz-commands.html,/2012/03/playing-with-tar-and-gz-commands.html,200
/2012/06/financial-newspapers-without-ads.html,/2012/06/financial-newspapers-without-ads.html,200
/2012/08/android-quick-tips-to-remove-and.html,/2012/08/android-quick-tips-to-remove-and.html,200
/2012/03/data-visualization-and-future-of-having.html,/2012/03/data-visualization-and-future-of-having.html,200
/2014/02/intranet-single-signon-sso-and-trusted.html,/2014/02/intranet-single-signon-sso-and-trusted.html,200
/2013/05/windows-remote-desktop-copy-paste.html,/2013/05/windows-remote-desktop-copy-paste.html,200
/2025/08/syslog-standards-rfc3164-vs-rfc5424.html,/2025/08/syslog-standards-rfc3164-vs-rfc5424.html,200
/2015/07/encrypted-filesystem-from-folder-with.html,/2015/07/encrypted-filesystem-from-folder-with.html,200
/2022/01/aws-lambda-function-to-stream-logs-via.html,/2022/01/aws-lambda-function-to-stream-logs-via.html,200
/2012/09/passport-photo-creation-non-techies.html,/2012/09/passport-photo-creation-non-techies.html,200
/2012/03/arrow-shapes-using-css.html,/2012/03/arrow-shapes-using-css.html,200
/2012/09/creating-passport-photos-yourself-at.html,/2012/09/creating-passport-photos-yourself-at.html,200
/2012/03/android-version-naming.html,/2012/03/android-version-naming.html,200
/2012/03/android-best-games.html,/2012/03/android-best-games.html,200
/2025/08/better-search-results-from-imdb-with.html,/2025/08/better-search-results-from-imdb-with.html,200
/2012/03/wordpress-themes-interesting-ones.html,/2012/03/wordpress-themes-interesting-ones.html,200
/2012/05/yahoo-api-tryouts.html,/2012/05/yahoo-api-tryouts.html,200
/2012/04/find-process-listening-on-port.html,/2012/04/find-process-listening-on-port.html,200
/2012/04/huawei-ascend-g300-phone-reviews-and.html,/2012/04/huawei-ascend-g300-phone-reviews-and.html,200
