legacy_url,image_url,reason
/2022/01/vs-code-portable-git-shell-integration.html,https://blogger.googleusercontent.com/img/a/AVvXsEiaObgSpHxjj7SyfkK68pp31zR73IUeEAjr6mvz_CHnzbfMvLaR733cv3zfFN9O1HthAjMSDWoLZGXxzeDtYHX_EE6aoxckJW6wQANUDuhsLIp4mBYhs5YOydDnJb9nFpXO0Qj5bPqFcen4_TRrEm7agDFL_l-o2eOlvBZnNRIX6bYTZyxDtClt2JeD=s840,not in Takeout album
/2022/01/vs-code-portable-git-shell-integration.html,https://blogger.googleusercontent.com/img/a/AVvXsEiaObgSpHxjj7SyfkK68pp31zR73IUeEAjr6mvz_CHnzbfMvLaR733cv3zfFN9O1HthAjMSDWoLZGXxzeDtYHX_EE6aoxckJW6wQANUDuhsLIp4mBYhs5YOydDnJb9nFpXO0Qj5bPqFcen4_TRrEm7agDFL_l-o2eOlvBZnNRIX6bYTZyxDtClt2JeD=w640-h336,not in Takeout album
/2021/12/setup-private-wifi-out-of-public-wifi.html,https://blogger.googleusercontent.com/img/a/AVvXsEhOjRM108ybNFpJfJ4Md-ulowEUTQ4ZOkOf18YDy6i-jHlPheYbkmhG9gGx8rTtBo3COwtcXqG_0cLw2vgP8M51UGPFM16V8US4qrajNicPl99nsrTfIeCJ1uJuwCd61I8AW3JdZu5QGPMLOxH9KcyPWq2JeYSCQSETLIs_TVahn8LlTG_TsUmEpOno5Q=s622,not in Takeout album
/2021/12/setup-private-wifi-out-of-public-wifi.html,https://blogger.googleusercontent.com/img/a/AVvXsEhOjRM108ybNFpJfJ4Md-ulowEUTQ4ZOkOf18YDy6i-jHlPheYbkmhG9gGx8rTtBo3COwtcXqG_0cLw2vgP8M51UGPFM16V8US4qrajNicPl99nsrTfIeCJ1uJuwCd61I8AW3JdZu5QGPMLOxH9KcyPWq2JeYSCQSETLIs_TVahn8LlTG_TsUmEpOno5Q=w349-h400,not in Takeout album
/2021/12/setup-private-wifi-out-of-public-wifi.html,https://blogger.googleusercontent.com/img/a/AVvXsEjRCXM9qwUbVrytoJbxn8GOhgnARZmiZ4Jjo8mbPw975Ut8DVLhghzqnnzGkjaXj8BKpt7Jms8DW89L4XWyaMlBYBaA7dV9n_2MFqzwyojwFHZEXTraTR1ZTY5ngyTUtYls2oAO9RN9h8-nbr6WUrWMHNU2eEjD6vFqqgaiH0W74SwV6AwmaFxh4VmtZw=w640-h146,not in Takeout album
/2021/12/setup-private-wifi-out-of-public-wifi.html,https://blogger.googleusercontent.com/img/a/AVvXsEgiv1iPFX98dQaV9vHvxmL1vlXTa7cVfPOWg0g4DEjCzOSCO4hWwaXZa7jrp2wmPSiaKYGVH8gUKK6N9W_fhMxWjuZKia0Osv3tahQbBEWQ4_GlgLPtw2Ah77wPyDiVtOoOLEFSKhewUv4RIWOYelWK2f2BgxkjXlqFwgX7m-fWBdfxeQY6Fh2ckkDEAg=s1248,not in Takeout album
/2021/12/setup-private-wifi-out-of-public-wifi.html,https://blogger.googleusercontent.com/img/a/AVvXsEgiv1iPFX98dQaV9vHvxmL1vlXTa7cVfPOWg0g4DEjCzOSCO4hWwaXZa7jrp2wmPSiaKYGVH8gUKK6N9W_fhMxWjuZKia0Osv3tahQbBEWQ4_GlgLPtw2Ah77wPyDiVtOoOLEFSKhewUv4RIWOYelWK2f2BgxkjXlqFwgX7m-fWBdfxeQY6Fh2ckkDEAg=s320,not in Takeout album
/2021/12/setup-private-wifi-out-of-public-wifi.html,https://blogger.googleusercontent.com/img/a/AVvXsEgHkyRhkzQXwmWV-S6aP4RNZn9ZP0zEHSo1537usPNSeaxvT_czythFrPHvovPtE_bZeIklspz60ZwXSG1OfyJBWvOJz401st-GaXFztLZBa6dUKlU_U8il4f8YoEfXkeG6VIe5QWKr-t7m-6NNRZNg19vdD-q9i7d0v0Es9bZ9O_eUbgx9-iO2JpvbKQ=s1600,not in Takeout album
/2021/12/setup-private-wifi-out-of-public-wifi.html,https://blogger.googleusercontent.com/img/a/AVvXsEgHkyRhkzQXwmWV-S6aP4RNZn9ZP0zEHSo1537usPNSeaxvT_czythFrPHvovPtE_bZeIklspz60ZwXSG1OfyJBWvOJz401st-GaXFztLZBa6dUKlU_U8il4f8YoEfXkeG6VIe5QWKr-t7m-6NNRZNg19vdD-q9i7d0v0Es9bZ9O_eUbgx9-iO2JpvbKQ=w251-h320,not in Takeout album
/2022/01/kubernetes-n8n-setup-n8n-using-k8s-part.html,https://blogger.googleusercontent.com/img/a/AVvXsEhItQxpvrqepyUbfwh6Ehypfm8J_5SwgLQa0zk3BmDgZxypfSYsZ_vNumWj72eC1PVGHTwOnC1tcI4XhQiiu68Yrwb7RLRXtUynBRaXMxfWhQKHH07Wmppgf4SoqgLOMeLIw6NaR5wyR5TqFOtXXbNhzvL-ru8nZHFX5b9mEbgr2F43m1yYTeqp4laE=s1270,not in Takeout album
/2022/01/kubernetes-n8n-setup-n8n-using-k8s-part.html,https://blogger.googleusercontent.com/img/a/AVvXsEhItQxpvrqepyUbfwh6Ehypfm8J_5SwgLQa0zk3BmDgZxypfSYsZ_vNumWj72eC1PVGHTwOnC1tcI4XhQiiu68Yrwb7RLRXtUynBRaXMxfWhQKHH07Wmppgf4SoqgLOMeLIw6NaR5wyR5TqFOtXXbNhzvL-ru8nZHFX5b9mEbgr2F43m1yYTeqp4laE=s320,not in Takeout album
/2012/10/planning-to-buy-house-one-stop-shop.html,https://blogger.googleusercontent.com/img/b/R29vZ2xl/AVvXsEgae8q05hpkmrIV0RWLBqyGCZjJwG-LmYkSAK5xh-95dNZtK6Cy5f4zynTW-NNAl_8CoxvdqpRcOI5S71KCxjJikEoPsd620M__K3bKCGNOX9y4EFKaR_aFS_7VMKporWdexcoLJCLc1VI/s1600/silver+house+keys.png,not in Takeout album
/2012/10/planning-to-buy-house-one-stop-shop.html,https://blogger.googleusercontent.com/img/b/R29vZ2xl/AVvXsEgae8q05hpkmrIV0RWLBqyGCZjJwG-LmYkSAK5xh-95dNZtK6Cy5f4zynTW-NNAl_8CoxvdqpRcOI5S71KCxjJikEoPsd620M__K3bKCGNOX9y4EFKaR_aFS_7VMKporWdexcoLJCLc1VI/s1600/silver+house+keys.png,not in Takeout album
/2022/01/setting-up-kubernetes-cluster-in-your.html,https://blogger.googleusercontent.com/img/a/AVvXsEi6-F2NJDwQyUK2mfJSHmDKqmZrJUrZs7rlVAF5okqveEVrtFQKveFzsltRY8uEz0Wbv1hIZWT3jcg08ee6T-SwMghqnt2-04Y3SMrDuNTKo1rhbUH2ub6qAXsV8eis5k6RLQLljrhAN5-MJcR4CXS2L-zpeKMbFrwYuK2o58uxiqW-9dorSWVCikRF=s800,not in Takeout album
/2022/01/setting-up-kubernetes-cluster-in-your.html,https://blogger.googleusercontent.com/img/a/AVvXsEi6-F2NJDwQyUK2mfJSHmDKqmZrJUrZs7rlVAF5okqveEVrtFQKveFzsltRY8uEz0Wbv1hIZWT3jcg08ee6T-SwMghqnt2-04Y3SMrDuNTKo1rhbUH2ub6qAXsV8eis5k6RLQLljrhAN5-MJcR4CXS2L-zpeKMbFrwYuK2o58uxiqW-9dorSWVCikRF=s320,not in Takeout album
/2020/07/syslog-standards-simple-comparison.html,https://blogger.googleusercontent.com/img/b/R29vZ2xl/AVvXsEiPg6pNqBlxXD-0f9suSa72tzKtbW_Q-y8FEuUWpF85nfkv24da4g4VLn_ufhLAAAiMeWjMp8N7kcMyYH4YSv_AulW24cXMQ4gz4HOcXOGq8lm7P4rIdgXGaAgOU-k6TijfBo_rhBtqFOcW/s1622/Screenshot+2020-07-18+at+20.05.05.png,not in Takeout album
/2020/07/syslog-standards-simple-comparison.html,https://blogger.googleusercontent.com/img/b/R29vZ2xl/AVvXsEiPg6pNqBlxXD-0f9suSa72tzKtbW_Q-y8FEuUWpF85nfkv24da4g4VLn_ufhLAAAiMeWjMp8N7kcMyYH4YSv_AulW24cXMQ4gz4HOcXOGq8lm7P4rIdgXGaAgOU-k6TijfBo_rhBtqFOcW/w595-h625/Screenshot+2020-07-18+at+20.05.05.png,not in Takeout album
/2020/07/elastic-beats-on-pfsense-installation.html,https://blogger.googleusercontent.com/img/b/R29vZ2xl/AVvXsEhz07yb72MOL0TMVTC_dsbHL0BdsUbvh9-QFVfLzXbkD1a6fkyX6OdIoj57Qt5Y9GQSzRuqCPkFGLxnaw_JpOezONiAqmKqhAxsSidhzv88p7YSBs33miZmNHp-I5h2tnAkVmtN8ZM_ARym/s320/elk.jpg,not in Takeout album
/2022/01/google-domains-setting-up-customised.html,https://blogger.googleusercontent.com/img/a/AVvXsEi9vWHyQP55dQg0ATRp17MYIYFnXdh5g1SI6HDkA8I-q8lJZKXct88Q4loy2pF1kw7XZfZ9RTJVv-4-IBGJ_yuht0Fz_k6i_sV9ymU1iArEJDliK9ayKyA3x4Q8Exfsm9-KVV1ayEK1u3lJHmPl6heh6A4PPqb2Trz3mlepWfLUQ3kRc8QCD7RAJ_xA=s600,not in Takeout album
/2022/01/google-domains-setting-up-customised.html,https://blogger.googleusercontent.com/img/a/AVvXsEiYvQ5AeGdjtePJg0jeQteDxDI2M5Af36G7QeH5rsIJIl1ROpepv1srrt4FLStvnwSCWbyQ-RWYBypcfjilNBgtgrSB2prD7uZO234EzV5kVZgRMX6r8a6JCLHyELrbzVr0_s6crvwoZdym1ot-bhWyIYx8vGdlDB08JUuejoWLOZ8xgkvvY1IzWcB2=w640-h128,not in Takeout album
/2022/01/google-domains-setting-up-customised.html,https://blogger.googleusercontent.com/img/a/AVvXsEj8OUdyOeVf6KMYXzxmH7KCNC5nRxJMrWzFB1cOpoRE-2RHE52PZhgzHezPW7pi_WXTZU5_f2540AZhQUGbOxEnKFdvPNyt6QpYuBeuvDbfrzkrDeNP5JJ_R6ehObIs9e4fQEFYRB6dGJfab6EJOm4IIzkk7VkJ3QeP0ZnNzWeaKYjWD0AryqG_yzWo=w400-h326,not in Takeout album
/2022/01/google-domains-setting-up-customised.html,https://blogger.googleusercontent.com/img/a/AVvXsEguPJavhj5FFVxREKVkGsYP0NiLNqByfJDO9KXXYqi1y7dbnfpA42xD478R0NpC1eSW0W4BaVByF-eGyZQhjxBqXrNgz-wWAOYO2J2Qyw_3DdhNGmbuPbuUBnNpUR6MpWPQi6c2iT9jBQocFyFYUauW_hdxvaAOVrg2U52Cf7520m79Fu9eXloJ0XFk=w400-h265,not in Takeout album
/2022/01/google-domains-setting-up-customised.html,https://blogger.googleusercontent.com/img/a/AVvXsEh8IvyXXhDLuREUbHzAu4IlwsXok42tm2rmTy6u47TYEW2gY59rmKypUUH5z5gkDBQUEaE3SdKc5jDuks0D7uL0hw0XNMjLD84KTwL7IHEle10_vLlDJmAhAMnkGEaRw2ggno7k85IHcr1Ev-JUzqopCldn3GZFBou0036l-3QvAzLaZb0SkhBpK2rI=w400-h289,not in Takeout album
/2022/01/google-domains-setting-up-customised.html,https://blogger.googleusercontent.com/img/a/AVvXsEg6aF373KnJ4bm0jisHfyLwHpcO_lAG9xUhv0S_MPTQ2nXPncNQ-wXdadouO_2BPOZhYDQujqzBXN3uSDZXz84ebxdPNNopmsmkls7GqgrH6VTbuFFA0Qc2WwBV6NL2CMG53JxpyCYPrPaCtD1D8XfDPpbR9UV-Qlz6gZEAgw2CJFLq1-MFISRORHUQ=w400-h225,not in Takeout album
/2022/01/deploying-awx-into-kubernetes.html,https://blogger.googleusercontent.com/img/a/AVvXsEj2ZhLGNCj6O4qwnBzwyCQVqVbB2uOm0cRjYO2Qt8PFppL-iML6xd_Zo7l4NwcrPBfr00GMntW_FSaf4wr-NXgxDiF1Lx4ynEONWljGNIR2WcS5TlcMuMwsUdIqNA-1cdLUAzRsT7u5pq_4d3_qUMzLVp4F40ZVf8sbPqHDgTvZpdCAaFuotxYGMKwJ=s521,not in Takeout album
/2022/01/deploying-awx-into-kubernetes.html,https://blogger.googleusercontent.com/img/a/AVvXsEj2ZhLGNCj6O4qwnBzwyCQVqVbB2uOm0cRjYO2Qt8PFppL-iML6xd_Zo7l4NwcrPBfr00GMntW_FSaf4wr-NXgxDiF1Lx4ynEONWljGNIR2WcS5TlcMuMwsUdIqNA-1cdLUAzRsT7u5pq_4d3_qUMzLVp4F40ZVf8sbPqHDgTvZpdCAaFuotxYGMKwJ=s320,not in Takeout album
/2021/12/kubernetes-n8n-setup-n8n-using-k8s-part.html,https://blogger.googleusercontent.com/img/a/AVvXsEipPBDNCIsbJ9IndK_9qdmKps1zLFX3TScdQ6mt4tV_bFZjLKm2xJwYJZR1xvOI3uawKZsBm2J7NZ-uW-sSSSp_R2C798YJsARZkFB85irJumGMoZ5jGlw--28330ldMGefBe_tgKQekFgDKCLS-DtMfNFxg8UC0nLJAi-NPpmi93pxTnRD6PNP9EWr=s1270,not in Takeout album
/2021/12/kubernetes-n8n-setup-n8n-using-k8s-part.html,https://blogger.googleusercontent.com/img/a/AVvXsEipPBDNCIsbJ9IndK_9qdmKps1zLFX3TScdQ6mt4tV_bFZjLKm2xJwYJZR1xvOI3uawKZsBm2J7NZ-uW-sSSSp_R2C798YJsARZkFB85irJumGMoZ5jGlw--28330ldMGefBe_tgKQekFgDKCLS-DtMfNFxg8UC0nLJAi-NPpmi93pxTnRD6PNP9EWr=w400-h239,not in Takeout album
/2021/12/pfsense-create-multiple-vlan-and.html,https://blogger.googleusercontent.com/img/a/AVvXsEiFjL20OKKRmEs--A9rW2DE4wYXoPqWhVMnYZmdMSIboJvEYSs3IPoYYn-MN64zmyZk0j7kBEaCKDpGSJ7MY9_apEFPRa74jzobFOZxI5q5qJTboygZppDfPBjt_7ynNNh1gvtLbhnaOFrxby226Rs21vUAss8_k1WX1GiikMcN_A-v0nwIJ2Ut0ZUfpw=s602,not in Takeout album
/2021/12/pfsense-create-multiple-vlan-and.html,https://blogger.googleusercontent.com/img/a/AVvXsEiFjL20OKKRmEs--A9rW2DE4wYXoPqWhVMnYZmdMSIboJvEYSs3IPoYYn-MN64zmyZk0j7kBEaCKDpGSJ7MY9_apEFPRa74jzobFOZxI5q5qJTboygZppDfPBjt_7ynNNh1gvtLbhnaOFrxby226Rs21vUAss8_k1WX1GiikMcN_A-v0nwIJ2Ut0ZUfpw=w400-h314,not in Takeout album
/2021/12/pfsense-create-multiple-vlan-and.html,https://blogger.googleusercontent.com/img/a/AVvXsEhA5zLTs9UjMZqsVqd2Fpm_b_gpUencVII-fdaX5Fr0IjcF61oTMl6FBP2WuGzMp0IjlEieWggzmfdeFJ26LccQ-u8yNMg9AUKp96DDSkti0SaOm37okV9W0nR8AoMogrEd1Jh2INMikJbw_tv5Nw1Qkh4khRZLvkKUAwJIE-xp60xNNjpVbz4jeKPLsA=s1526,not in Takeout album
/2021/12/pfsense-create-multiple-vlan-and.html,https://blogger.googleusercontent.com/img/a/AVvXsEhA5zLTs9UjMZqsVqd2Fpm_b_gpUencVII-fdaX5Fr0IjcF61oTMl6FBP2WuGzMp0IjlEieWggzmfdeFJ26LccQ-u8yNMg9AUKp96DDSkti0SaOm37okV9W0nR8AoMogrEd1Jh2INMikJbw_tv5Nw1Qkh4khRZLvkKUAwJIE-xp60xNNjpVbz4jeKPLsA=w640-h142,not in Takeout album
/2021/12/pfsense-create-multiple-vlan-and.html,https://blogger.googleusercontent.com/img/a/AVvXsEgMVFcf_1Z68LzxcKA1bG2T-iIDr-E0JXZN_t9ZxgRLXQTEvH55eWGDFwXR8MSKZSFm1I5jcjkpyPwiKYU-8Td_KefyhENRAUxSd5SN5bLOS7kyXBvXkTGE-7CPU5pP9fPYWkhQtrTN-Bd9_upwHZMaTZ590peNeL5_GDbgLPXNZMN71RTJhw0w69UAIw=s2212,not in Takeout album
/2021/12/pfsense-create-multiple-vlan-and.html,https://blogger.googleusercontent.com/img/a/AVvXsEgMVFcf_1Z68LzxcKA1bG2T-iIDr-E0JXZN_t9ZxgRLXQTEvH55eWGDFwXR8MSKZSFm1I5jcjkpyPwiKYU-8Td_KefyhENRAUxSd5SN5bLOS7kyXBvXkTGE-7CPU5pP9fPYWkhQtrTN-Bd9_upwHZMaTZ590peNeL5_GDbgLPXNZMN71RTJhw0w69UAIw=w640-h440,not in Takeout album
/2021/12/pfsense-create-multiple-vlan-and.html,https://blogger.googleusercontent.com/img/a/AVvXsEg5an7XBQowLzjFc7jHiffPeQu5iaYfknIBrkUVORrnEtsvik_ijLaBn2vtJ4Pz1NQprL8PmSzyEXO9UJGhkn3zMsZUGwHXcnKVqsge0CEcr98uN6wd4qZ1AHVnImp2hGJyCNhb_4IdYPT51z1V8AXglNek-RVkWYTFhdD4RZFZn9x-pAOVbhIginHOkA=s2372,not in Takeout album
/2021/12/pfsense-create-multiple-vlan-and.html,https://blogger.googleusercontent.com/img/a/AVvXsEg5an7XBQowLzjFc7jHiffPeQu5iaYfknIBrkUVORrnEtsvik_ijLaBn2vtJ4Pz1NQprL8PmSzyEXO9UJGhkn3zMsZUGwHXcnKVqsge0CEcr98uN6wd4qZ1AHVnImp2hGJyCNhb_4IdYPT51z1V8AXglNek-RVkWYTFhdD4RZFZn9x-pAOVbhIginHOkA=w640-h222,not in Takeout album
/2021/12/pfsense-create-multiple-vlan-and.html,https://blogger.googleusercontent.com/img/a/AVvXsEgbA2fNuOICRmtBQr3WgKUSXR-dvtmBCuwHPDFDPq7EEJ6V7mDLeu3eEv7HQ6Rs6ZuVHjuU5dFz5oype1m8jlbLYWtIp9njoCMXi3Ft-ZlmMEA0BuKo9z5DX_GDpa-P2EpffgMPiIGIzG-l16LPqHU2urbMgWtnhgUHmt3KuunYfG4hAejpImIEEMKHgg=s1590,not in Takeout album
/2021/12/pfsense-create-multiple-vlan-and.html,https://blogger.googleusercontent.com/img/a/AVvXsEgbA2fNuOICRmtBQr3WgKUSXR-dvtmBCuwHPDFDPq7EEJ6V7mDLeu3eEv7HQ6Rs6ZuVHjuU5dFz5oype1m8jlbLYWtIp9njoCMXi3Ft-ZlmMEA0BuKo9z5DX_GDpa-P2EpffgMPiIGIzG-l16LPqHU2urbMgWtnhgUHmt3KuunYfG4hAejpImIEEMKHgg=w640-h256,not in Takeout album
/2021/12/pfsense-create-multiple-vlan-and.html,https://blogger.googleusercontent.com/img/a/AVvXsEg0BZvcZQEB4HDyKRNhJPAi5_H7R6CGCpJX1p1QqIjK5-2iYWWEkGMiqXzKk0TcRy7KN0EpjZ5JFuTy5GALafhcVBxLc3ZBV96CdN4DW33LoD9RyR2n8CSkb9txDMYQ4YyEMrd2xKb5ahyutpanQZEQWhzd37P82_Oah_uCdkVL54xVhHbUXziTP-hKtg=s1884,not in Takeout album
/2021/12/pfsense-create-multiple-vlan-and.html,https://blogger.googleusercontent.com/img/a/AVvXsEg0BZvcZQEB4HDyKRNhJPAi5_H7R6CGCpJX1p1QqIjK5-2iYWWEkGMiqXzKk0TcRy7KN0EpjZ5JFuTy5GALafhcVBxLc3ZBV96CdN4DW33LoD9RyR2n8CSkb9txDMYQ4YyEMrd2xKb5ahyutpanQZEQWhzd37P82_Oah_uCdkVL54xVhHbUXziTP-hKtg=w640-h280,not in Takeout album
/2021/12/pfsense-create-multiple-vlan-and.html,https://blogger.googleusercontent.com/img/a/AVvXsEjG1DBx4T299fzifEnaK3CO0ceNFIRkxbdjiwZNkgR7KDEbEvS3zHbOl181xMLud31JNavMPAUvYosjgcq9ghP30vJL2VbZ05BKaskAUnus7P4BT4eIWv9p08M9n6aiqVdJipfyIIZQd_w4G8klVJ-sJbOlkR5d4YYmsIEN4lETYUa7xibGrW_5rkQECw=s1366,not in Takeout album
/2021/12/pfsense-create-multiple-vlan-and.html,https://blogger.googleusercontent.com/img/a/AVvXsEjG1DBx4T299fzifEnaK3CO0ceNFIRkxbdjiwZNkgR7KDEbEvS3zHbOl181xMLud31JNavMPAUvYosjgcq9ghP30vJL2VbZ05BKaskAUnus7P4BT4eIWv9p08M9n6aiqVdJipfyIIZQd_w4G8klVJ-sJbOlkR5d4YYmsIEN4lETYUa7xibGrW_5rkQECw=w640-h398,not in Takeout album
/2015/03/usb-type-c-new-standard-of-data.html,https://blogger.googleusercontent.com/img/b/R29vZ2xl/AVvXsEiymlmRlYhR_J7WHuN7HItsYsYshjQgQZyxJt1ZKE_EeF0Wa1OthWRkNZ5mCKCb5HM81JcB2Gh1gWoMKwU8YaRmG2vCa1gSdAXafCEMhZ5qLQNwZkIhPEBm2KnHsbw7WMeKXx3HCgwkfu54/s1600/macbook_USB_TYPEC.jpg,not in Takeout album
/2015/03/usb-type-c-new-standard-of-data.html,https://blogger.googleusercontent.com/img/b/R29vZ2xl/AVvXsEiymlmRlYhR_J7WHuN7HItsYsYshjQgQZyxJt1ZKE_EeF0Wa1OthWRkNZ5mCKCb5HM81JcB2Gh1gWoMKwU8YaRmG2vCa1gSdAXafCEMhZ5qLQNwZkIhPEBm2KnHsbw7WMeKXx3HCgwkfu54/s1600/macbook_USB_TYPEC.jpg,not in Takeout album
/2015/03/usb-type-c-new-standard-of-data.html,https://blogger.googleusercontent.com/img/b/R29vZ2xl/AVvXsEgVgjVCesHU8X9w27-nRlEoYPmWvi8J4zPyHaHj65u9ErDIFmJch_8ZxGJIyqW2RRl-kFfB-Sx1i1TQJT9HewuHF_Yg1Ia0AboVqquaSuz_PJhxlAdyBZmcjt3mdJnqNgArrWpaCpI7pXGm/s1600/USB-3.1-vs-Thunderbolt_DiaryFolio.jpg,not in Takeout album
/2015/03/usb-type-c-new-standard-of-data.html,https://blogger.googleusercontent.com/img/b/R29vZ2xl/AVvXsEhBYGz4Kt6x1eOSPzjaUzs-bxwf1CD1Of5GHcCtmkFaFkjpFlg4NcOimcbAX0ZFP9yA96IyLijWB7jnMoccA3_jbjVdoRjBvbk85Jz613XSo5qmG0ip96UTuvKu1mSbVOL6ZCVEf4zd3lbi/s1600/USB_TypeB_Variety_DiaryFolio.jpg,not in Takeout album
/2015/03/usb-type-c-new-standard-of-data.html,https://blogger.googleusercontent.com/img/b/R29vZ2xl/AVvXsEjI3ztf4V4uIOnROXMawaZ5HSI5EHGdzoiBD7TT8ssOU9224Vlm_bZJvkiwNN2g3kL_3D-RXe9MVD9RYfFhL1xFc4G2gXpF-lQD6X03K7HgS2SRAG92zC_A4lW0-uRiTKmzw83VTA6I9e9i/s1600/USB_TypeC_Configurations.png,not in Takeout album
/2015/03/usb-type-c-new-standard-of-data.html,https://blogger.googleusercontent.com/img/b/R29vZ2xl/AVvXsEjI3ztf4V4uIOnROXMawaZ5HSI5EHGdzoiBD7TT8ssOU9224Vlm_bZJvkiwNN2g3kL_3D-RXe9MVD9RYfFhL1xFc4G2gXpF-lQD6X03K7HgS2SRAG92zC_A4lW0-uRiTKmzw83VTA6I9e9i/s1600/USB_TypeC_Configurations.png,not in Takeout album
/2022/01/aws-lambda-function-to-stream-logs-via.html,https://blogger.googleusercontent.com/img/a/AVvXsEheL67AeEQesFCnQbjYtAFsA_hfuGQpsfYx80UwSM0Z_o2I2aIIG18CEmR1S_1jxWpVJ9Eci65Ub5_AjlHH6nRi_QeWnBIuM9bWOBpUNvY8udWYix7bF34G5hKONL4hU6JRrqxWZFK498iRVX_Kn5YoTcYCpRKmfn-gSkcwJh2hvq_CGR8Phlz_RPGL=s1499,not in Takeout album
/2022/01/aws-lambda-function-to-stream-logs-via.html,https://blogger.googleusercontent.com/img/a/AVvXsEheL67AeEQesFCnQbjYtAFsA_hfuGQpsfYx80UwSM0Z_o2I2aIIG18CEmR1S_1jxWpVJ9Eci65Ub5_AjlHH6nRi_QeWnBIuM9bWOBpUNvY8udWYix7bF34G5hKONL4hU6JRrqxWZFK498iRVX_Kn5YoTcYCpRKmfn-gSkcwJh2hvq_CGR8Phlz_RPGL=w400-h239,not in Takeout album
